Mr Aiden Williams,aiden.williams@example.com,(718)-602-3011
Mr Timmothy Hansen,timmothy.hansen@example.com,(030)-394-2982
Mrs Maddison Gregory,maddison.gregory@example.com,015394 01206
Mr Charlie Walker,charlie.walker@example.com,(924)-722-8872
Ms Maddison Jordan,maddison.jordan@example.com,015396 05941
Miss Caroline Poulsen,caroline.poulsen@example.com,08491860
Mr Redouane Mutsaers,redouane.mutsaers@example.com,(979)-412-2728
Mr Oskari Manni,oskari.manni@example.com,05-769-147
Mr Johann Unhjem,johann.unhjem@example.com,32561986
Mrs Audrey Marshall,audrey.marshall@example.com,(504)-106-8381
Mr Evangelista Duarte,evangelista.duarte@example.com,(98) 4032-7383
Mr محمدعلی سهيلي راد,mhmdaaly.shylyrd@example.com,032-94824262
Mr Felix Ma,felix.ma@example.com,990-461-9654
Miss Maëly Leclercq,maely.leclercq@example.com,03-43-43-21-24
Mr Jayden Brown,jayden.brown@example.com,00-9370-6834
Madame Ljiljana Noel,ljiljana.noel@example.com,075 674 92 73
Mr مانی كامياران,mny.kmyrn@example.com,018-94915571
Miss Vildan Kunter,vildan.kunter@example.com,(871)-380-5630
Monsieur Fridolin Guerin,fridolin.guerin@example.com,077 132 52 99
Mr Aemilius Sijbrandij,aemilius.sijbrandij@example.com,(885)-554-8528